,0,1,2,3,4,5,6,7,8,9,10,11,12
0,,arts,,,,,,,,,,,
1,,arts,asia-society-museum,,,,,,,,,,
2,,arts,film,,,,,,,,,,
3,,arts,literature,,,,,,,,,,
4,,arts,performing-arts,,,,,,,,,,
5,,creative-voices-muslim-asia,,,,,,,,,,,
6,,education,,,,,,,,,,,
7,,education,our-mission-and-approach,,,,,,,,,,
8,,education,resources,,,,,,,,,,
9,,policy,,,,,,,,,,,
10,,policy-institute,,,,,,,,,,,
11,,center-us-china-relations,,,,,,,,,,,
12,,,,,,,,,,,,,
13,,initiatives,,,,,,,,,,,
14,,arts,arts-museum-summit,,,,,,,,,,
15,,global-learning-beyond-school,,,,,,,,,,,
16,,initiatives,leadership,,,,,,,,,,
17,,initiatives,policy,,,,,,,,,,
18,,inititiatives,sustainability,,,,,,,,,,
19,,,,,,,,,,,,,
20,,current-affairs,,,,,,,,,,,
21,,current-affairs,business,,,,,,,,,,
22,,current-affairs,programming,,,,,,,,,,
23,,center-us-china-relations,,,,,,,,,,,
24,,watch-read,,,,,,,,,,,
25,,blog,asia,,,,,,,,,,
26,,video,,,,,,,,,,,
27,https:,,www.chinafile.com,,,,,,,,,,
28,,,,,,,,,,,,,
29,,events,,,,,,,,,,,
30,,events,,,,,,,,,,,
31,,events,past,,,,,,,,,,
32,,about,,,,,,,,,,,
33,,about,,,,,,,,,,,
34,,about,mission-history-0,,,,,,,,,,
35,,about,co-chairs-and-trustees,,,,,,,,,,
36,,about,officers,,,,,,,,,,
37,,global-staff,,,,,,,,,,,
38,,about,experts-and-fellows,,,,,,,,,,
39,,about,global-council,,,,,,,,,,
40,,about,career-opportunities,,,,,,,,,,
41,,about,financial-statements,,,,,,,,,,
42,,about,media,,,,,,,,,,
43,,support,,,,,,,,,,,
44,,support,corporate-involvement,,,,,,,,,,
45,,support,membership,,,,,,,,,,
46,,support,special-events,,,,,,,,,,
47,,support,donate,,,,,,,,,,
48,,arts,,,,,,,,,,,
49,,education,,,,,,,,,,,
50,,policy,,,,,,,,,,,
51,,,,,,,,,,,,,
52,,initiatives,,,,,,,,,,,
53,,,,,,,,,,,,,
54,,current-affairs,,,,,,,,,,,
55,,watch-read,,,,,,,,,,,
56,,,,,,,,,,,,,
57,,events,,,,,,,,,,,
58,,about,,,,,,,,,,,
59,,support,,,,,,,,,,,
60,#mini-panel-homepage-tabbed-content-middle-tab-2,,,,,,,,,,,,
61,#mini-panel-homepage-tabbed-content-middle-tab-3,,,,,,,,,,,,
62,#mini-panel-homepage-tabbed-content-middle-tab-4,,,,,,,,,,,,
63,,"new-york,",arts,asia-society-museum,,,,,,,,,
64,,hong-kong,,,,,,,,,,,
65,,texas,,,,,,,,,,,
66,,southern-california,,,,,,,,,,,
67,,philippines,,,,,,,,,,,
68,,india,,,,,,,,,,,
69,,northern-california,,,,,,,,,,,
70,,korea,,,,,,,,,,,
71,,shanghai,,,,,,,,,,,
72,,australasia,,,,,,,,,,,
73,,washington-dc,,,,,,,,,,,
74,,arts,,,,,,,,,,,
75,,education,,,,,,,,,,,
76,,policy,,,,,,,,,,,
77,,current-affairs,,,,,,,,,,,
78,,blog,asia,,,,,,,,,,
79,,video,,,,,,,,,,,
80,http:,,chinafile.com,,,,,,,,,,
81,http:,,kids.asiasociety.org,,,,,,,,,,
82,http:,,www.asiastore.org,,,,,,,,,,
83,,arts,arts-museum-summit,,,,,,,,,,
84,http:,,sites.asiasociety.org,asia21summit,,,,,,,,,
85,,policy-institute,,,,,,,,,,,
86,,policy,center-us-china-relations,,,,,,,,,,
87,,education,chinese-language-initiatives,,,,,,,,,,
88,,arts,creative-voices-muslim-asia,,,,,,,,,,
89,,education,learning-world,,,,,,,,,,
90,,global-learning-beyond-school,,,,,,,,,,,
91,http:,,www.globalcompetencecertificate.org,,,,,,,,,,
92,,global-talent-initiatives,,,,,,,,,,,
93,,education,international-studies-schools-network,,,,,,,,,,
94,,northern-california,about,pacific-cities-sustainability-initiative,,,,,,,,,
95,,arts,us-china-museum-leaders-forum,,,,,,,,,,
96,,about,,,,,,,,,,,
97,,officers,,,,,,,,,,,
98,,about,career-opportunities,,,,,,,,,,
99,,support,membership,,,,,,,,,,
100,,support,corporate-involvement,,,,,,,,,,
101,,e-mail-subscriptions,,,,,,,,,,,
102,,media,,,,,,,,,,,
103,,policy-institute,prosperity,,,,,,,,,,
104,,policy-institute,security,,,,,,,,,,
105,,policy-institute,sustainability,,,,,,,,,,
106,,policy-institute,central-asia,,,,,,,,,,
107,,policy-institute,china,,,,,,,,,,
108,,policy-institute,india,,,,,,,,,,
109,,policy-institute,iran,,,,,,,,,,
110,,policy-institute,myanmar,,,,,,,,,,
111,,policy-institute,south-asia,,,,,,,,,,
112,,policy-institute,reports,,,,,,,,,,
113,,policy-institute,commentary,,,,,,,,,,
114,,policy-institute,mission,,,,,,,,,,
115,,policy-institute,our-distinctive-approach,,,,,,,,,,
116,,policy-institute,staff-and-advisors,,,,,,,,,,
117,,policy-institute,network-experts,,,,,,,,,,
118,,policy-institute,bernard-schwartz-fellows-program,,,,,,,,,,
119,,policy-institute,jack-wadsworth-fellows-program,,,,,,,,,,
120,,policy-institute,bernard-schwartz-book-award,,,,,,,,,,
121,,policy-institute,founders-and-supporters,,,,,,,,,,
122,,policy-institute,contact,,,,,,,,,,
123,,about-asia-society-museum,,,,,,,,,,,
124,,new-york,exhibitions,current,,,,,,,,,
125,,new-york,exhibitions,upcoming,,,,,,,,,
126,,new-york,exhibitions,past,,,,,,,,,
127,,arts,rockefeller-collection,,,,,,,,,,
128,,arts,contemporary-art-collection,,,,,,,,,,
129,,arts,arts-museum-summit,,,,,,,,,,
130,,museumleaders,,,,,,,,,,,
131,,arts,creative-voices-of-muslim-asia-resources,,,,,,,,,,
132,,arts,creative-voices-of-muslim-asia-exhibitions,,,,,,,,,,
133,,arts,creative-voices-of-muslim-asia-videos,,,,,,,,,,
134,,education,our-mission-and-approach,,,,,,,,,,
135,,education,initiatives,,,,,,,,,,
136,,education,our-reach-and-impact,,,,,,,,,,
137,,education,lesson-plans,,,,,,,,,,
138,,education,curriculum,,,,,,,,,,
139,,education,how-to-guides,,,,,,,,,,
140,,education,publications,,,,,,,,,,
141,,education,asia-101,,,,,,,,,,
142,,education,mapping-nation,,,,,,,,,,
143,,education,exchange-school-partnerships,,,,,,,,,,
144,,policy-institute,topics,,,,,,,,,,
145,,policy-institute,regions,,,,,,,,,,
146,,policy-institute,publications,,,,,,,,,,
147,,policy-institute,events,,,,,,,,,,
148,,policy-institute,about,,,,,,,,,,
149,,policy-institute,support-us,,,,,,,,,,
150,,center-us-china-relations,,,,,,,,,,,
151,,center-us-china-relations,about,,,,,,,,,,
152,,center-us-china-relations,projects,,,,,,,,,,
153,,center-us-china-relations,reports,,,,,,,,,,
154,,center-us-china-relations,past-events,,,,,,,,,,
155,http:,,www.chinafile.com,,,,,,,,,,
156,,arts,arts-museum-summit,,,,,,,,,,
157,,creative-voices-muslim-asia,,,,,,,,,,,
158,,node,38756,,,,,,,,,,
159,,china-learning-initiatives,,,,,,,,,,,
160,,global-cities-education-network,,,,,,,,,,,
161,,global-learning-beyond-school,,,,,,,,,,,
162,,international-studies-schools-network,,,,,,,,,,,
163,http:,,sites.asiasociety.org,asia21summit,,,,,,,,,
164,,global-talent-initiatives,,,,,,,,,,,
165,,policy-institute,,,,,,,,,,,
166,,center-us-china-relations,,,,,,,,,,,
167,http:,,sites.asiasociety.org,PCSI,,,,,,,,,
168,,current-affairs,business,,,,,,,,,,
169,,current-affairs,environment,,,,,,,,,,
170,,governance,,,,,,,,,,,
171,,current-affairs,beyond-headlines,,,,,,,,,,
172,,current-affairs,business-asia,,,,,,,,,,
173,,center-us-china-relations,,,,,,,,,,,
174,,center-us-china-relations,about,,,,,,,,,,
175,,center-us-china-relations,projects,,,,,,,,,,
176,,center-us-china-relations,reports,,,,,,,,,,
177,,center-us-china-relations,past-events,,,,,,,,,,
178,http:,,www.chinafile.com,,,,,,,,,,
179,,blog,asia,,,,,,,,,,
180,,video,,,,,,,,,,,
181,https:,,www.chinafile.com,,,,,,,,,,
182,,events,,,,,,,,,,,
183,,events,past,,,,,,,,,,
184,,about,,,,,,,,,,,
185,,about,mission-history-0,,,,,,,,,,
186,,about,co-chairs-and-trustees,,,,,,,,,,
187,,about,officers,,,,,,,,,,
188,,global-staff,,,,,,,,,,,
189,,about,experts-and-fellows,,,,,,,,,,
190,,about,global-council,,,,,,,,,,
191,,about,career-opportunities,,,,,,,,,,
192,,about,financial-statements,,,,,,,,,,
193,,about,media,,,,,,,,,,
194,,support,corporate-involvement,,,,,,,,,,
195,,support,membership,,,,,,,,,,
196,,support,special-events,,,,,,,,,,
197,,support,donate,,,,,,,,,,
198,,northern-california,,,,,,,,,,,
199,,southern-california,,,,,,,,,,,
200,,texas,,,,,,,,,,,
201,,washington-dc,,,,,,,,,,,
202,,new-york,,,,,,,,,,,
203,,australia,,,,,,,,,,,
204,,philippines,,,,,,,,,,,
205,,india,,,,,,,,,,,
206,,hong-kong,,,,,,,,,,,
207,,shanghai,,,,,,,,,,,
208,,korea,,,,,,,,,,,
209,,",",search,,,,,,,,,,
210,,museum,,,,,,,,,,,
211,http:,,kids.asiasociety.org,,,,,,,,,,
212,,media,,,,,,,,,,,
213,http:,,asiasociety.org,blog,asia,video-behind-scenes-look-restoring-buddhist-art-myanmar,,,,,,,
214,http:,,asiasociety.org,media,our-news,asia-society-board-welcomes-six-new-trustees,,,,,,,
215,http:,,asiasociety.org,blog,asia,yoshitomo-nara-defining-art-ethnicity-outdated-methodology,,,,,,,
216,http:,,asiasociety.org,center-us-china-relations,vital-partnership-california-and-china-collaborating-clean-energy-and-comb,,,,,,,,
217,http:,,asiastore.org,,,,,,,,,,
218,http:,,asiasociety.org,blog,asia,video-us-and-china-need-common-narrative-relationship-says-kevin-rudd,,,,,,,
219,https:,,twitter.com,AsiaSociety,,,,,,,,,
220,http:,,t.co,umgOifXTsE,,,,,,,,,
221,http:,,t.co,"zUnvKCWHax,http:",,t.co,gV8E5MaJxI,,,,,,
222,https:,,twitter.com,"search?q=%23Nepal,https:",,twitter.com,"search?q=%23Everest,http:",,t.co,"fSx8NDVB9m,https:",,twitter.com,search?q=%23mountaineering
223,http:,,t.co,"71JCi1iHEZ,http:",,t.co,l0872A7q55,,,,,,
224,http:,,www.facebook.com,pages,Asia-Society,"13784635711,http:",,twitter.com,asiasociety,,,,
