,0,1,2,3,4,5,6,7,8,9,10
0,,,,,,,,,,,
1,,new-york,visit,,,,,,,,
2,http:,,museumtix.com,venue,venueinfo.aspx?&vid=873&tab=E&pvt=srgf,,,,,,
3,,new-york,visit,plan-your-visit,,,,,,,
4,,new-york,visit,app,,,,,,,
5,,new-york,visit,groups,,,,,,,
6,,new-york,visit,tours,,,,,,,
7,,new-york,visit,accessibility,,,,,,,
8,,new-york,visit,restaurants,,,,,,,
9,,new-york,visit,faqs-policies-and-procedures,,,,,,,
10,,new-york,support,,,,,,,,
11,,new-york,support,join,,,,,,,
12,https:,,ny.guggenheim.org,sslpage.aspx?pid=378,,,,,,,
13,,new-york,support,corporate,,,,,,,
14,,new-york,support,foundation-and-government,,,,,,,
15,,new-york,support,more-ways-to-give,,,,,,,
16,,new-york,calendar-and-events,,,,,,,,
17,,new-york,about,,,,,,,,
18,,new-york,about,staff-profiles,,,,,,,
19,,new-york,about,frank-lloyd-wright-building,,,,,,,
20,,new-york,about,host-an-event,,,,,,,
21,,new-york,about,location-shoots,,,,,,,
22,,new-york,about,image-licensing,,,,,,,
23,,new-york,about,jobs,,,,,,,
24,,new-york,about,Contact-Us,,,,,,,
25,,new-york,exhibitions,,,,,,,,
26,,new-york,exhibitions,on-view,,,,,,,
27,,new-york,exhibitions,collection-on-view,,,,,,,
28,,new-york,exhibitions,upcoming,,,,,,,
29,,new-york,exhibitions,past,,,,,,,
30,,new-york,exhibitions,international-exhibitions,,,,,,,
31,,new-york,exhibitions,publications,,,,,,,
32,,new-york,collections,,,,,,,,
33,,new-york,collections,about-the-collection,,,,,,,
34,,new-york,collections,collection-online,,,,,,,
35,,new-york,collections,conservation,,,,,,,
36,,new-york,collections,library-and-archives,,,,,,,
37,,new-york,education,,,,,,,,
38,,new-york,education,sackler-center,,,,,,,
39,,new-york,education,public-programs,,,,,,,
40,,new-york,education,school-educator-programs,,,,,,,
41,,new-york,education,families-kids-teens,,,,,,,
42,,new-york,education,works-and-process,,,,,,,
43,,new-york,education,internships,,,,,,,
44,,new-york,online,,,,,,,,
45,,new-york,online,social,,,,,,,
46,,new-york,online,audio,,,,,,,
47,,video,,,,,,,,,
48,,new-york,online,forum,,,,,,,
49,http:,,blogs.guggenheim.org,,,,,,,,
50,,new-york,online,participate,,,,,,,
51,http:,,guggenheim.corporateecards.com,,,,,,,,
52,http:,,pages.emails.guggenheim.org,enews ,,,,,,,
53,,new-york,press-room,,,,,,,,
54,,new-york,press-room,releases,,,,,,,
55,,new-york,press-room,images,,,,,,,
56,,new-york,press-room,news,,,,,,,
57,,new-york,press-room,faqs,,,,,,,
58,http:,,www.guggenheimstore.org,,,,,,,,
59,,new-york,press-room,news,6344-guggenheim-app-named-best-in-class,,,,,,
60,https:,,www.facebook.com,guggenheimmuseum,,,,,,,
61,https:,,twitter.com,Guggenheim,,,,,,,
62,http:,,www.youtube.com,guggenheim,,,,,,,
63,http:,,www.flickr.com,photos,guggenheim_museum,,,,,,
64,http:,,instagram.com,guggenheim,,,,,,,
65,http:,,pages.emails.guggenheim.org,enews,,,,,,,
66,http:,,www.guggenheimstore.org,books-and-posters,books,on-kawara-silence,,,,,
67,http:,,www.guggenheimstore.org,kids,playableart-cube-by-beyond-123-17112,,,,,,
68,http:,,www.guggenheimstore.org,building-museum,lego-guggenheim-museum-10735,,,,,,
69,http:,,www.guggenheimstore.org,for-home,for-the-table,guggenheim-spiral-teapot-15523,,,,,
70,http:,,www.guggenheimstore.org,jewelry-watches,necklaces,tiny-facet-heart-necklace-by-pico-15099,,,,,
71,,sitemap,,,,,,,,,
72,,privacy-policy,,,,,,,,,
73,,terms-conditions,,,,,,,,,
74,http:,,pages.emails.guggenheim.org,enews ,,,,,,,
75,https:,,ny.guggenheim.org,sslpage.aspx?pid=378,,,,,,,
76,,new-york,about,image-licensing,,,,,,,
77,,new-york,about,Contact-Us,,,,,,,
78,,onkawara,,,,,,,,,
79,,hbp2014,,,,,,,,,
80,,monir,,,,,,,,,
81,,kandinskygallery,,,,,,,,,
82,,onkawara,,,,,,,,,
83,,hbp2014,,,,,,,,,
84,,monir,,,,,,,,,
85,,kandinskygallery,,,,,,,,,
86,,usonian,,,,,,,,,
87,,new-york,exhibitions,collection-on-view,,,,,,,
88,,ywc2015,,,,,,,,,
89,,storylines,,,,,,,,,
90,,new-york,press-room,news,,,,,,,
91,,new-york,calendar-and-events,,,,,,,,
92,http:,,museumtix.com,venue,venueinfo.aspx?hasFlash=true&vid=873&tab=E&pvt=srgf,,,,,,
93,,new-york,visit,plan-your-visit,,,,,,,
94,,new-york,visit,plan-your-visit,"location-and-directions,",new-york,visit,"groups,",new-york,visit,restaurants
95,,new-york,support,join,,,,,,,
96,,onkawara-silence,,,,,,,,,
97,mailto:boxoffice@guggenheim.org,,,,,,,,,,
98,,guggenheim-foundation,collaborations,bmw-guggenheim,,,,,,,
99,,guggenheim-foundation,collaborations,map,overview,,,,,,
100,,new-york,calendar-and-events,2015,03,24,duologues-on-kawara-david-batchelor-and-briony-fer,4469,,,
101,,new-york,calendar-and-events,2015,03,30,the-santa-fe-opera-cold-mountain-with-jennifer-higdon,4518,,,
