,0,1,2,3,4,5,6,7,8,9,10,11,12,13,14,15,16,17,18,19,20,21,22,23,24,25,26,27,28,29,30,31,32
0,,,,,,,,,,,,,,,,,,,,,,,,,,,,,,,,,
1,,about,default.asp,,,,,,,,,,,,,,,,,,,,,,,,,,,,,,
2,,press,default.asp,,,,,,,,,,,,,,,,,,,,,,,,,,,,,,
3,,about,contactus.asp,,,,,,,,,,,,,,,,,,,,,,,,,,,,,,
4,,visit,default.asp,,,,,,,,,,,,,,,,,,,,,,,,,,,,,,
5,,exhibitions,default.asp,,,,,,,,,,,,,,,,,,,,,,,,,,,,,,
6,,events,default.asp,,,,,,,,,,,,,,,,,,,,,,,,,,,,,,
7,,collections,default.asp,,,,,,,,,,,,,,,,,,,,,,,,,,,,,,
8,,explore,default.asp,,,,,,,,,,,,,,,,,,,,,,,,,,,,,,
9,,research,default.asp,,,,,,,,,,,,,,,,,,,,,,,,,,,,,,
10,,support,default.asp,,,,,,,,,,,,,,,,,,,,,,,,,,,,,,
11,,connect,,,,,,,,,,,,,,,,,,,,,,,,,,,,,,,
12,,visit,default.asp,,,,,,,,,,,,,,,,,,,,,,,,,,,,,,
13,,visit,maps.asp,,,,,,,,,,,,,,,,,,,,,,,,,,,,,,
14,,visit,families.asp,,,,,,,,,,,,,,,,,,,,,,,,,,,,,,
15,,visit,schooltours.asp,,,,,,,,,,,,,,,,,,,,,,,,,,,,,,
16,,visit,grouptours.asp,,,,,,,,,,,,,,,,,,,,,,,,,,,,,,
17,,events,tours.asp,,,,,,,,,,,,,,,,,,,,,,,,,,,,,,
18,,exhibitions,default.asp,,,,,,,,,,,,,,,,,,,,,,,,,,,,,,
19,,exhibitions,current.asp,,,,,,,,,,,,,,,,,,,,,,,,,,,,,,
20,,exhibitions,future.asp,,,,,,,,,,,,,,,,,,,,,,,,,,,,,,
21,,exhibitions,past.asp,,,,,,,,,,,,,,,,,,,,,,,,,,,,,,
22,,exhibitions,online.asp,,,,,,,,,,,,,,,,,,,,,,,,,,,,,,
23,,events,default.asp,,,,,,,,,,,,,,,,,,,,,,,,,,,,,,
24,,events,allevents.asp,,,,,,,,,,,,,,,,,,,,,,,,,,,,,,
25,,events,films.asp,,,,,,,,,,,,,,,,,,,,,,,,,,,,,,
26,,events,performances.asp,,,,,,,,,,,,,,,,,,,,,,,,,,,,,,
27,,events,tours.asp,,,,,,,,,,,,,,,,,,,,,,,,,,,,,,
28,,events,lectures.asp,,,,,,,,,,,,,,,,,,,,,,,,,,,,,,
29,,events,workshops.asp,,,,,,,,,,,,,,,,,,,,,,,,,,,,,,
30,,events,families.asp,,,,,,,,,,,,,,,,,,,,,,,,,,,,,,
31,,events,youngvisionary.asp,,,,,,,,,,,,,,,,,,,,,,,,,,,,,,
32,,events,galas.asp,,,,,,,,,,,,,,,,,,,,,,,,,,,,,,
33,,research,symposia.asp,,,,,,,,,,,,,,,,,,,,,,,,,,,,,,
34,,store,,,,,,,,,,,,,,,,,,,,,,,,,,,,,,,
35,,explore,default.asp,,,,,,,,,,,,,,,,,,,,,,,,,,,,,,
36,,explore,listByArea.asp?browseTopic=0,,,,,,,,,,,,,,,,,,,,,,,,,,,,,,
37,,explore,listByArea.asp?browseTopic=5,,,,,,,,,,,,,,,,,,,,,,,,,,,,,,
38,,explore,listByArea.asp?browseTopic=7,,,,,,,,,,,,,,,,,,,,,,,,,,,,,,
39,,explore,listByArea.asp,,,,,,,,,,,,,,,,,,,,,,,,,,,,,,
40,,explore,teacherResources.asp,,,,,,,,,,,,,,,,,,,,,,,,,,,,,,
41,,explore,kidsAndFamilies.asp,,,,,,,,,,,,,,,,,,,,,,,,,,,,,,
42,,collections,default.asp,,,,,,,,,,,,,,,,,,,,,,,,,,,,,,
43,,collections,search.cfm,,,,,,,,,,,,,,,,,,,,,,,,,,,,,,
44,,collections,new-acquisitions,default.asp,,,,,,,,,,,,,,,,,,,,,,,,,,,,,
45,,collections,american.asp,,,,,,,,,,,,,,,,,,,,,,,,,,,,,,
46,,collections,egyptian.asp,,,,,,,,,,,,,,,,,,,,,,,,,,,,,,
47,,collections,ancientNearEast.asp,,,,,,,,,,,,,,,,,,,,,,,,,,,,,,
48,,collections,islamic.asp,,,,,,,,,,,,,,,,,,,,,,,,,,,,,,
49,,collections,biblical.asp,,,,,,,,,,,,,,,,,,,,,,,,,,,,,,
50,,collections,chinese.asp,,,,,,,,,,,,,,,,,,,,,,,,,,,,,,
51,,collections,japanese.asp,,,,,,,,,,,,,,,,,,,,,,,,,,,,,,
52,,collections,korean.asp,,,,,,,,,,,,,,,,,,,,,,,,,,,,,,
53,,collections,southAsian.asp,,,,,,,,,,,,,,,,,,,,,,,,,,,,,,
54,,collections,southeastAsia.asp,,,,,,,,,,,,,,,,,,,,,,,,,,,,,,
55,,research,default.asp,,,,,,,,,,,,,,,,,,,,,,,,,,,,,,
56,,research,museum-research.asp,,,,,,,,,,,,,,,,,,,,,,,,,,,,,,
57,,research,dcsr,default.asp,,,,,,,,,,,,,,,,,,,,,,,,,,,,,
58,,research,fellowships.asp,,,,,,,,,,,,,,,,,,,,,,,,,,,,,,
59,,research,scholarly-programs.asp,,,,,,,,,,,,,,,,,,,,,,,,,,,,,,
60,,research,resources.asp,,,,,,,,,,,,,,,,,,,,,,,,,,,,,,
61,,research,publications.asp,,,,,,,,,,,,,,,,,,,,,,,,,,,,,,
62,,support,default.asp,,,,,,,,,,,,,,,,,,,,,,,,,,,,,,
63,,support,friends.asp,,,,,,,,,,,,,,,,,,,,,,,,,,,,,,
64,,support,silkroadsociety.asp,,,,,,,,,,,,,,,,,,,,,,,,,,,,,,
65,,support,donate.asp,,,,,,,,,,,,,,,,,,,,,,,,,,,,,,
66,,support,volunteer.asp,,,,,,,,,,,,,,,,,,,,,,,,,,,,,,
67,,support,hostingEvents.asp,,,,,,,,,,,,,,,,,,,,,,,,,,,,,,
68,"#maincontent,#mainnav,#subnav,accessibility.asp",,,,,,,,,,,,,,,,,,,,,,,,,,,,,,,,
69,http:,,asia.si.edu,events,"allevents.asp?trumbaEmbed=view%3Dseries%26seriesid%3D481291&utm_source=website&utm_medium=homepagebanner&utm_campaign=cherryblossom15,http:",,asia.si.edu,exhibitions,current,"zen-tea-chinese-art.asp?utm_source=website&utm_medium=homepagebanner&utm_campaign=zentea,http:",,asia.si.edu,exhibitions,current,oribe-ware.asp,"?utm_source=website&utm_medium=homepagebanner&utm_campaign=oribe,http:",,asia.si.edu,nastaliq,"?utm_source=website&utm_medium=homepagebanner&utm_campaign=nastaliq,http:",,asia.si.edu,collections,edan,"default.cfm?utm_source=website&utm_medium=homepagebanner&utm_campaign=openfs,http:",,asia.si.edu,travelerseye,"?utm_source=website&utm_medium=homepagebanner&utm_campaign=travelerseye,http:",,asia.si.edu,unearthingarabia,?utm_source=website&utm_medium=homepagebanner&utm_campaign=unearthingarabia
70,exhibitions,current,"seasonal-landscapes-japanese-screens.asp,exhibitions",current,seasonal-landscapes-japanese-screens.asp,,,,,,,,,,,,,,,,,,,,,,,,,,,,
71,,visit,",",visit,,,,,,,,,,,,,,,,,,,,,,,,,,,,,
72,http:,,asia.si.edu,events,"allevents.asp?trumbaEmbed=view%3Dseries%26seriesid%3D481291&utm_source=website&utm_medium=hompagetile&utm_campaign=cherryblossom15,http:",,asia.si.edu,events,allevents.asp?trumbaEmbed=view%3Dseries%26seriesid%3D481291&utm_source=website&utm_medium=hompagetile&utm_campaign=cherryblossom15,,,,,,,,,,,,,,,,,,,,,,,,
73,http:,,"open.asia.si.edu,http:",,open.asia.si.edu,,,,,,,,,,,,,,,,,,,,,,,,,,,,
74,,exhibitions,",",travelerseye,",",exhibitions,current,yuan-legacy,",",fineimpressions,",",unearthingarabia,",",nastaliq,",",shiota,",",explore,",",collections,",",exhibitions,current,peacockRoom,"pano.asp,",podcasts,",",explore,"gartproj.asp,",contemporary,,,
75,,events,",",events,"films.asp,",events,"performances.asp,",events,families.asp,,,,,,,,,,,,,,,,,,,,,,,,
76,,press,",",press,",http:",,blog.asia.si.edu,",,",iran-in-photographs,",http:",,"pulverer.si.edu,http:",,"korean-ceramics.asia.si.edu,http:",,"seasianceramics.asia.si.edu,",research,"archives.asp,",research,"library.asp,",research,"imagePermissions.asp,",SongYuan,,,,,,,,,,
77,,support,",",support,"donate.asp,https:",,www.asia.si.edu,forms,"donateform.php,",support,"volunteer.asp,",support,"friends.asp,",support,"silkroadsociety.asp,",collections,",http:",,"open.asia.si.edu,",collections,singer,"missing-objects,",collections,new-acquisitions,",",collections,outgoing-loans,",",collections,rapid-capture,,,
78,,future,,,,,,,,,,,,,,,,,,,,,,,,,,,,,,,
79,http:,,blog.asia.si.edu,,,,,,,,,,,,,,,,,,,,,,,,,,,,,,
80,https:,,support.asia.si.edu,sslpage.aspx?pid=293,,,,,,,,,,,,,,,,,,,,,,,,,,,,,
81,http:,,www.facebook.com,pages,Washington-DC,Smithsonian-Institution-Freer-Gallery-of-Art-and-Arthur-M-Sackler-Gallery,25288628787,,,,,,,,,,,,,,,,,,,,,,,,,,
82,http:,,www.flickr.com,photos,freersackler,,,,,,,,,,,,,,,,,,,,,,,,,,,,
83,,podcasts,,,,,,,,,,,,,,,,,,,,,,,,,,,,,,,
84,http:,,twitter.com,FreerSackler,,,,,,,,,,,,,,,,,,,,,,,,,,,,,
85,http:,,www.youtube.com,FreerSackler,,,,,,,,,,,,,,,,,,,,,,,,,,,,,
86,http:,,www.addthis.com,bookmark.php?v=250&pubid=fsgweb,,,,,,,,,,,,,,,,,,,,,,,,,,,,,
87,http:,,www.si.edu,termsofuse,",http:",,www.si.edu,",",about,"contactus.asp,http:",,www.si.edu,privacy,,,,,,,,,,,,,,,,,,,,
